ventaId,folio,customerId,cantidad,total,fecha,statusVentaId,metodoPagoId,socursalesId,domicilioId,totalProductos,totalEnvio,totalIVA,"  no_transaccion",motivoCancelacion,descuentoPromocion
5,202405001,1,4,1048.76,"2024-04-07 00:29:06",2,2,NULL,4,998.76,50.00,137.76,NULL,"Cancelar compra",NULL
6,cc18db76-38e5-4e0a-87b5-e7a06e00ffdf,1,7,1133.44,"2024-04-07 02:28:23",3,2,NULL,4,1083.44,50.00,149.44,NULL,"Prueba cancelaci√≥n 2",NULL
7,c4e65b76-7270-4dc9-8c17-5f88dc429912,1,6,2990.60,"2024-04-07 16:10:34",5,2,NULL,4,2940.60,50.00,405.60,NULL,"Prueba cancelacion 3",NULL
8,a6dc18b5-d1ad-4de0-8a7c-111280afe7e6,1,7,1133.44,"2024-04-07 16:11:34",5,2,NULL,4,1083.44,50.00,149.44,NULL,"Prueba de cancelacion 4",NULL
9,b0de5699-5b22-4166-b1c5-5ba64b413cb5,1,4,1408.36,"2024-04-08 01:06:31",5,2,NULL,4,1358.36,50.00,187.36,NULL,"Prueba de cancelacion de compra",NULL
10,b0de5699-5b22-4166-b1c5-5ba64b413cb5,1,4,1408.36,"2024-04-08 01:06:31",1,2,NULL,4,1358.36,50.00,187.36,NULL,NULL,NULL
11,25e677a0-c80a-4c6a-ae49-27fbd1a71475,1,1,189.20,"2024-04-08 01:13:44",1,2,NULL,4,139.20,50.00,19.20,NULL,NULL,NULL
12,9cbc2b4e-4bf5-41e0-b241-718947062584,1,1,189.20,"2024-04-08 01:17:09",1,2,NULL,4,139.20,50.00,19.20,NULL,NULL,NULL
13,a74bde3c-4372-40dc-b193-dfe053e639cc,2,2,368.88,"2024-04-08 03:00:01",1,2,NULL,NULL,368.88,0.00,50.88,NULL,NULL,NULL
14,a1c1f835-608a-4abd-8f07-1435fb2ebc4d,1,1,234.44,"2024-04-08 03:23:43",1,2,NULL,4,184.44,50.00,25.44,NULL,NULL,NULL
15,315dfe05-24a5-4a3c-9778-891fa395f0a4,1,1,603.20,"2024-04-08 04:29:32",1,1,NULL,NULL,603.20,0.00,83.20,NULL,NULL,NULL
16,d60528cd-6f95-4775-954c-c5a7d316752d,1,1,718.04,"2024-04-08 04:36:33",1,1,NULL,NULL,718.04,0.00,99.04,NULL,NULL,NULL
17,ced6ee06-71ad-4009-bf9a-4c67362ee8b6,1,1,237.80,"2024-04-08 04:44:17",4,1,NULL,NULL,237.80,0.00,32.80,NULL,NULL,NULL
18,c71cdb8c-556e-4219-9125-50138046b09c,2,2,1206.40,"2024-04-08 05:16:35",5,1,NULL,NULL,1206.40,0.00,166.40,NULL,Pruebas,NULL
19,e6625fe9-03ac-4e68-84d7-542c8db07bca,1,1,189.20,"2024-04-08 22:50:44",1,3,NULL,4,139.20,50.00,19.20,NULL,NULL,NULL
20,5f3c179a-4983-4de9-af06-ab0766d7b71f,1,14,8494.80,"2024-04-08 23:28:49",1,3,NULL,4,8444.80,50.00,1164.80,NULL,NULL,NULL
21,0482d908-232b-4bec-b97d-08e094a90b22,1,1,234.44,"2024-04-08 23:46:20",1,3,NULL,4,184.44,50.00,25.44,NULL,NULL,NULL
22,87feaec0-c953-40fb-8515-f550205983da,1,1,653.20,"2024-04-08 23:47:14",1,3,NULL,4,603.20,50.00,83.20,NULL,NULL,NULL
23,150e9aea-fe1d-483d-9236-c03cace4950a,1,7,2453.52,"2024-04-12 16:09:02",1,3,NULL,4,2403.52,50.00,331.52,NULL,NULL,NULL
24,59a29212-9673-485e-971b-34f3dedaf8e5,1,9,5428.80,"2024-04-12 17:03:42",5,1,NULL,NULL,5428.80,0.00,748.80,NULL,"Prueba cancelacion con disparador",NULL
25,fdf66dd3-ca46-4d3e-b627-107770726ed5,1,13,1859.60,"2024-04-14 05:56:38",5,3,NULL,4,1809.60,50.00,249.60,NULL,"Compra cancelada 1",NULL
26,be69f512-0f23-40f4-a392-5065357b81d7,1,7,1709.84,"2024-04-15 20:32:14",4,1,NULL,NULL,1709.84,0.00,235.84,NULL,NULL,NULL
27,a523244a-801c-462d-907b-a82652e06a44,1,2,315.52,"2024-04-15 20:33:43",4,1,NULL,NULL,315.52,0.00,43.52,NULL,NULL,NULL
28,d7345bfe-3771-4aaf-a377-9f9946c65ca9,2,13,5309.32,"2024-04-16 05:38:45",4,1,NULL,NULL,5309.32,0.00,732.32,NULL,NULL,NULL
29,d9a284c4-afca-4daa-a961-c8957b1f48cd,2,13,5309.32,"2024-04-16 05:38:45",5,1,NULL,NULL,5309.32,0.00,732.32,NULL,prueba,NULL
30,3d2e594f-e1b3-43e2-98f2-d50fe210ca95,2,2,1160.00,"2024-04-16 05:41:11",4,1,NULL,NULL,1160.00,0.00,160.00,NULL,NULL,NULL
31,a0bc97b4-4fca-4731-93fc-c3802c2d7946,2,4,1336.32,"2024-04-16 14:48:17",4,1,NULL,NULL,1336.32,0.00,184.32,NULL,NULL,NULL
32,cc483a5e-9931-4c17-a288-536de98f915a,2,1,184.44,"2024-04-16 14:49:38",4,1,NULL,NULL,184.44,0.00,25.44,NULL,NULL,NULL
33,602776b6-2da7-4b63-8065-66e7af5b616c,1,4,761.08,"2024-04-16 15:39:53",1,3,NULL,4,711.08,50.00,98.08,NULL,NULL,NULL
34,4af96ee7-54bd-4dcf-bad7-8ac5f9b80e03,1,4,761.08,"2024-04-16 15:24:09",1,3,NULL,4,711.08,50.00,98.08,NULL,NULL,NULL
35,feb770e9-e1a0-4825-bfb2-581fd375f2f6,2,6,1746.96,"2024-04-16 14:53:14",1,3,NULL,NULL,1746.96,0.00,240.96,NULL,NULL,NULL
36,92806f33-7208-4c9e-912f-f25a26c259d3,2,3,756.32,"2024-04-16 14:51:22",1,3,NULL,NULL,756.32,0.00,104.32,NULL,NULL,NULL
37,9c811fe1-c052-44b9-9354-0ab067ff3ddc,1,4,761.08,"2024-04-16 14:55:47",1,3,NULL,4,711.08,50.00,98.08,NULL,NULL,NULL
38,9fc38a6f-fb1d-4ee5-a8a5-cb6b5371034a,1,4,761.08,"2024-04-16 14:57:46",1,3,NULL,4,711.08,50.00,98.08,NULL,NULL,NULL
39,39091b6d-8101-4ca8-bd1d-b62201783ea1,1,4,761.08,"2024-04-16 15:08:23",1,3,NULL,4,711.08,50.00,98.08,NULL,NULL,NULL
40,6acfced2-0efe-4ce7-a2e9-f7307575d652,1,4,761.08,"2024-04-16 15:10:57",1,3,NULL,4,711.08,50.00,98.08,NULL,NULL,NULL
41,d101ea14-554f-4657-aa73-feac17c942e8,2,3,1074.16,"2024-04-16 16:21:15",1,3,NULL,NULL,1074.16,0.00,148.16,NULL,NULL,NULL
42,ccf60bf9-b24d-4315-bf42-6e452e5fe793,1,2,1256.40,"2024-04-16 16:34:39",1,3,NULL,4,1206.40,50.00,166.40,NULL,NULL,NULL
43,05249cf6-c125-4896-8b15-bfdb6fb622ee,1,10,6082.00,"2024-04-16 17:20:50",5,3,NULL,4,6032.00,50.00,832.00,NULL,"Prueba de cancelacion",NULL
44,b0f57800-d0bf-48cd-abb1-0bb836e3b643,2,3,1151.88,"2024-04-16 14:38:16",1,3,NULL,NULL,1151.88,0.00,158.88,NULL,NULL,NULL
45,b981cb7a-c6cf-4ed0-afc2-f57d7d792359,2,3,1151.88,"2024-04-16 14:39:48",1,3,NULL,NULL,1151.88,0.00,158.88,NULL,NULL,NULL
46,fbe5ca30-c88a-4cd7-a8ad-2ec0d02b92d8,1,1,385.24,"2024-04-17 03:36:07",1,3,NULL,4,335.24,50.00,46.24,NULL,NULL,NULL
47,dd5bd1ac-25d7-4811-a8ed-06a76da9fb47,1,1,279.68,"2024-04-17 03:39:43",5,3,NULL,4,229.68,50.00,31.68,NULL,"Prueba de cancelacion de compra",NULL
48,3e1d402d-f98c-4242-bda1-047d39b72751,3,1,184.44,"2024-04-17 16:45:12",4,1,NULL,NULL,184.44,0.00,25.44,NULL,NULL,NULL
49,eeeafd7a-da4e-450c-abc4-29d289f88bea,1,7,1759.84,"2024-04-15 20:27:32",1,3,NULL,4,1709.84,50.00,235.84,NULL,NULL,NULL
50,923fdae6-a964-432e-8edf-462c1ca23636,1,2,418.88,"2024-04-15 22:22:34",1,3,NULL,4,368.88,50.00,50.88,NULL,NULL,NULL
51,60d776e8-deed-464e-8ccb-43ec8f43b6d9,1,3,603.32,"2024-04-15 22:23:54",5,3,NULL,4,553.32,50.00,76.32,NULL,"Prueba de cancelacion",NULL
52,979a6a7f-3b2e-48e4-8703-7e33d2d467f7,2,1,157.76,"2024-04-18 20:32:08",1,3,NULL,NULL,157.76,0.00,21.76,NULL,NULL,NULL
53,5b2117b9-18bb-4c50-ab4b-ffbeeaba9290,2,1,184.44,"2024-04-18 20:34:51",1,3,NULL,NULL,184.44,0.00,25.44,NULL,NULL,NULL
54,d8949f53-ae6e-43ba-ba89-a872ee3f609d,1,17,3713.16,"2024-06-25 02:57:34",5,1,NULL,NULL,3713.16,0.00,512.16,NULL,"Cancelacion de prueba",NULL
55,bb5efdff-c1ca-4d37-9480-e5e6271d3e45,1,17,3713.16,"2024-06-25 02:57:34",4,1,NULL,NULL,3713.16,0.00,512.16,NULL,NULL,NULL
56,2024071000001,105,3,676.28,"2024-07-18 04:54:00",4,1,NULL,NULL,676.28,0.00,93.28,NULL,NULL,NULL
57,2024010000002,105,5,1923.68,"2024-07-18 05:02:28",1,3,NULL,6,1853.68,70.00,255.68,NULL,NULL,NULL
58,2024071000003,105,4,887.80,"2024-07-18 05:05:24",1,3,NULL,6,817.80,70.00,112.80,NULL,NULL,NULL
59,2024070010004,107,3,1305.40,"2024-07-18 15:49:13",1,3,NULL,8,1235.40,70.00,170.40,NULL,NULL,NULL
60,2024070000102,108,3,1132.56,"2024-07-19 03:35:54",4,1,NULL,9,1062.56,70.00,146.56,NULL,NULL,NULL
61,2024070100003,108,3,1649.92,"2024-07-19 03:37:42",4,1,NULL,9,1579.92,70.00,217.92,NULL,NULL,NULL
62,2024070001004,108,3,1649.92,"2024-07-19 03:37:43",4,1,NULL,9,1579.92,70.00,217.92,NULL,NULL,NULL
63,2024070002005,108,4,944.64,"2024-07-19 03:39:27",4,1,NULL,9,874.64,70.00,120.64,NULL,NULL,NULL
64,2024070000106,108,4,944.64,"2024-07-19 03:39:27",4,1,NULL,9,874.64,70.00,120.64,NULL,NULL,NULL
65,2024070002307,109,3,730.04,"2024-07-19 03:46:19",4,1,NULL,10,660.04,70.00,91.04,NULL,NULL,NULL
66,2024070000208,109,3,1310.04,"2024-07-19 04:00:17",4,1,NULL,10,1240.04,70.00,171.04,NULL,NULL,NULL
67,2024070030009,109,3,1162.72,"2024-07-19 04:02:07",4,1,NULL,10,1092.72,70.00,150.72,NULL,NULL,NULL
68,2024070050010,110,3,609.40,"2024-07-19 04:12:51",4,1,NULL,11,539.40,70.00,74.40,NULL,NULL,NULL
69,2024070050011,110,3,1126.76,"2024-07-19 04:14:00",4,1,NULL,11,1056.76,70.00,145.76,NULL,NULL,NULL
70,2024070006012,110,3,1126.76,"2024-07-19 04:14:01",5,1,NULL,11,1056.76,70.00,145.76,NULL,"Caancelacion de prueba",NULL
71,2024070050013,110,3,705.68,"2024-07-19 04:15:13",4,1,NULL,11,635.68,70.00,87.68,NULL,NULL,NULL
72,2024070002019,205,5,5746.64,"2024-07-19 04:18:18",1,3,NULL,NULL,5746.64,0.00,792.64,NULL,NULL,NULL
73,2024070550014,205,7,1613.56,"2024-07-19 04:20:07",4,1,NULL,NULL,1613.56,0.00,222.56,NULL,NULL,NULL
74,2024070230015,113,3,1020.04,"2024-07-19 04:21:14",5,1,NULL,12,950.04,70.00,131.04,NULL,,NULL
75,2024070010016,113,3,1020.04,"2024-07-19 04:21:14",4,1,NULL,12,950.04,70.00,131.04,NULL,NULL,NULL
76,2024070010017,113,3,1020.04,"2024-07-19 04:21:14",5,1,NULL,12,950.04,70.00,131.04,NULL,,NULL
77,2024070050018,113,3,1020.04,"2024-07-19 04:21:16",5,1,NULL,12,950.04,70.00,131.04,NULL,,NULL
78,2024070054019,113,3,994.52,"2024-07-19 04:22:57",4,1,NULL,12,924.52,70.00,127.52,NULL,NULL,NULL
79,2024070055020,113,3,563.00,"2024-07-19 04:24:18",4,1,NULL,12,493.00,70.00,68.00,NULL,NULL,NULL
80,2024070045021,114,3,1001.48,"2024-07-19 04:26:22",4,1,NULL,13,931.48,70.00,128.48,NULL,NULL,NULL
81,2024070054022,114,4,1198.68,"2024-07-19 04:27:32",4,1,NULL,13,1128.68,70.00,155.68,NULL,NULL,NULL
82,2024070054023,114,3,1203.32,"2024-07-19 04:28:25",4,1,NULL,13,1133.32,70.00,156.32,NULL,NULL,NULL
83,2024070045012,205,5,1512.64,"2024-07-19 20:13:28",1,3,NULL,NULL,1512.64,0.00,208.64,NULL,NULL,NULL
84,2024070001013,205,3,2309.96,"2024-07-19 20:58:22",1,3,NULL,95,2239.96,70.00,308.96,NULL,NULL,NULL
85,2024070004014,206,5,1742.32,"2024-07-19 21:38:32",1,3,NULL,NULL,1742.32,0.00,240.32,NULL,NULL,NULL
86,2024070045001,115,7,1566.40,"2024-07-20 20:07:02",4,1,NULL,14,1496.40,70.00,206.40,NULL,NULL,NULL
87,2024070000002,115,3,820.52,"2024-07-20 20:07:50",4,1,NULL,14,750.52,70.00,103.52,NULL,NULL,NULL
88,2024070000003,205,3,927.24,"2024-07-20 20:09:07",4,1,NULL,95,857.24,70.00,118.24,NULL,NULL,NULL
89,2024070000004,115,5,1117.48,"2024-07-20 20:09:18",4,1,NULL,14,1047.48,70.00,144.48,NULL,NULL,NULL
90,2024070000005,115,2,672.04,"2024-07-20 20:20:23",4,1,NULL,14,602.04,70.00,83.04,NULL,NULL,NULL
91,2024070000006,116,5,1368.04,"2024-07-20 20:23:25",4,1,NULL,15,1298.04,70.00,179.04,NULL,NULL,NULL
92,2024070000007,116,7,4203.08,"2024-07-20 20:24:09",4,1,NULL,15,4133.08,70.00,570.08,NULL,NULL,NULL
93,2024070000008,116,7,1978.20,"2024-07-20 20:30:25",4,1,NULL,15,1908.20,70.00,263.20,NULL,NULL,NULL
94,2024070000009,118,4,785.72,"2024-07-20 20:32:08",4,1,NULL,16,715.72,70.00,98.72,NULL,NULL,NULL
95,2024070000010,118,6,1977.04,"2024-07-20 20:33:06",4,1,NULL,16,1907.04,70.00,263.04,NULL,NULL,NULL
96,2024070000011,118,8,2195.12,"2024-07-20 20:34:00",4,1,NULL,16,2125.12,70.00,293.12,NULL,NULL,NULL
97,2024070000012,119,5,1311.20,"2024-07-20 20:35:12",4,1,NULL,17,1241.20,70.00,171.20,NULL,NULL,NULL
98,2024070000013,119,4,1588.44,"2024-07-20 20:36:26",4,1,NULL,17,1518.44,70.00,209.44,NULL,NULL,NULL
99,2024070000014,119,6,1344.84,"2024-07-20 20:38:12",4,1,NULL,17,1274.84,70.00,175.84,NULL,NULL,NULL
100,2024070000015,120,8,1617.44,"2024-07-20 20:40:51",4,1,NULL,18,1547.44,70.00,213.44,NULL,NULL,NULL
101,2024070000016,120,5,3625.40,"2024-07-20 20:42:23",4,1,NULL,18,3555.40,70.00,490.40,NULL,NULL,NULL
102,2024070000017,120,4,1267.12,"2024-07-20 20:43:38",4,1,NULL,18,1197.12,70.00,165.12,NULL,NULL,NULL
103,2024070000018,121,5,2312.28,"2024-07-20 20:44:55",4,1,NULL,19,2242.28,70.00,309.28,NULL,NULL,NULL
104,2024070000019,121,5,1228.84,"2024-07-20 20:46:05",4,1,NULL,19,1158.84,70.00,159.84,NULL,NULL,NULL
105,2024070000020,121,6,1699.80,"2024-07-20 20:48:28",4,1,NULL,19,1629.80,70.00,224.80,NULL,NULL,NULL
106,2024070000021,122,6,1497.96,"2024-07-20 20:50:55",4,1,NULL,20,1427.96,70.00,196.96,NULL,NULL,NULL
107,2024070000022,122,4,1194.04,"2024-07-20 20:51:50",4,1,NULL,20,1124.04,70.00,155.04,NULL,NULL,NULL
108,2024070000023,122,5,1259.00,"2024-07-20 20:54:50",4,1,NULL,20,1189.00,70.00,164.00,NULL,NULL,NULL
109,2024070000024,123,5,1590.76,"2024-07-20 20:56:15",4,1,NULL,21,1520.76,70.00,209.76,NULL,NULL,NULL
110,2024070000025,123,5,993.36,"2024-07-20 20:57:22",4,1,NULL,21,923.36,70.00,127.36,NULL,NULL,NULL
111,2024070000026,123,9,2445.68,"2024-07-20 21:04:01",4,1,NULL,21,2375.68,70.00,327.68,NULL,NULL,NULL
112,2024070000027,125,6,2976.96,"2024-07-20 21:05:12",4,1,NULL,22,2906.96,70.00,400.96,NULL,NULL,NULL
113,2024070000028,125,6,1874.96,"2024-07-20 21:06:34",4,1,NULL,22,1804.96,70.00,248.96,NULL,NULL,NULL
114,2024070000029,125,6,2373.76,"2024-07-20 21:07:40",4,1,NULL,22,2303.76,70.00,317.76,NULL,NULL,NULL
115,2024070000030,126,8,3749.52,"2024-07-20 21:09:07",4,1,NULL,23,3679.52,70.00,507.52,NULL,NULL,NULL
116,2024070000031,126,6,2472.36,"2024-07-20 21:09:51",4,1,NULL,23,2402.36,70.00,331.36,NULL,NULL,NULL
117,2024070000032,126,5,2573.28,"2024-07-20 21:10:57",4,1,NULL,23,2503.28,70.00,345.28,NULL,NULL,NULL
118,2024070000033,127,5,1581.48,"2024-07-20 21:15:12",4,1,NULL,24,1511.48,70.00,208.48,NULL,NULL,NULL
119,2024070000034,127,5,2214.84,"2024-07-20 21:15:50",4,1,NULL,24,2144.84,70.00,295.84,NULL,NULL,NULL
120,2024070000035,127,6,2071.00,"2024-07-20 21:16:46",4,1,NULL,24,2001.00,70.00,276.00,NULL,NULL,NULL
121,2024070000036,128,6,1935.28,"2024-07-20 21:18:18",4,1,NULL,25,1865.28,70.00,257.28,NULL,NULL,NULL
122,2024070000037,128,5,2059.40,"2024-07-20 21:19:31",4,1,NULL,25,1989.40,70.00,274.40,NULL,NULL,NULL
123,2024070000038,128,5,2059.40,"2024-07-20 21:19:32",4,1,NULL,25,1989.40,70.00,274.40,NULL,NULL,NULL
124,2024070000039,128,6,2127.84,"2024-07-20 21:21:00",4,1,NULL,25,2057.84,70.00,283.84,NULL,NULL,NULL
125,2024070000040,129,6,2018.80,"2024-07-20 21:25:51",4,1,NULL,26,1948.80,70.00,268.80,NULL,NULL,NULL
126,2024070000041,129,6,2018.80,"2024-07-20 21:26:16",4,1,NULL,26,1948.80,70.00,268.80,NULL,NULL,NULL
127,2024070000042,129,6,2018.80,"2024-07-20 21:26:21",4,1,NULL,26,1948.80,70.00,268.80,NULL,NULL,NULL
128,2024070000043,129,6,2018.80,"2024-07-20 21:26:36",4,1,NULL,26,1948.80,70.00,268.80,NULL,NULL,NULL
129,2024070000044,129,5,1415.60,"2024-07-20 21:27:00",4,1,NULL,26,1345.60,70.00,185.60,NULL,NULL,NULL
130,2024070000045,129,5,1456.20,"2024-07-20 21:28:30",4,1,NULL,26,1386.20,70.00,191.20,NULL,NULL,NULL
131,2024070000046,129,5,1587.28,"2024-07-20 21:29:10",4,1,NULL,26,1517.28,70.00,209.28,NULL,NULL,NULL
132,2024070000047,130,5,1888.88,"2024-07-20 21:33:14",4,1,NULL,27,1818.88,70.00,250.88,NULL,NULL,NULL
133,2024070000048,130,7,2188.16,"2024-07-20 21:34:18",4,1,NULL,27,2118.16,70.00,292.16,NULL,NULL,NULL
134,2024070000049,130,9,2763.52,"2024-07-20 21:39:49",4,1,NULL,27,2693.52,70.00,371.52,NULL,NULL,NULL
135,2024070000050,131,5,1485.20,"2024-07-20 21:41:14",4,1,NULL,28,1415.20,70.00,195.20,NULL,NULL,NULL
136,2024070000051,131,6,1602.36,"2024-07-20 21:42:02",4,1,NULL,28,1532.36,70.00,211.36,NULL,NULL,NULL
137,2024070000052,131,7,2004.88,"2024-07-20 21:43:39",4,1,NULL,28,1934.88,70.00,266.88,NULL,NULL,NULL
138,2024070000053,132,5,1620.92,"2024-07-20 21:45:51",4,1,NULL,29,1550.92,70.00,213.92,NULL,NULL,NULL
139,2024070000054,132,6,1682.40,"2024-07-20 21:48:49",4,1,NULL,29,1612.40,70.00,222.40,NULL,NULL,NULL
140,2024070000055,132,5,1997.92,"2024-07-20 21:49:37",4,1,NULL,29,1927.92,70.00,265.92,NULL,NULL,NULL
141,2024070000056,133,5,1706.76,"2024-07-20 21:53:16",4,1,NULL,30,1636.76,70.00,225.76,NULL,NULL,NULL
142,2024070000057,133,5,1706.76,"2024-07-20 21:53:16",4,1,NULL,30,1636.76,70.00,225.76,NULL,NULL,NULL
143,2024070000058,133,6,1631.36,"2024-07-20 21:54:17",4,1,NULL,30,1561.36,70.00,215.36,NULL,NULL,NULL
144,2024070000059,134,5,1481.72,"2024-07-20 21:58:14",4,1,NULL,31,1411.72,70.00,194.72,NULL,NULL,NULL
145,2024070000060,134,5,1481.72,"2024-07-20 21:58:15",4,1,NULL,31,1411.72,70.00,194.72,NULL,NULL,NULL
146,2024070000061,134,7,2217.16,"2024-07-20 21:58:57",4,1,NULL,31,2147.16,70.00,296.16,NULL,NULL,NULL
147,2024070000062,135,6,1547.84,"2024-07-20 22:01:51",4,1,NULL,32,1477.84,70.00,203.84,NULL,NULL,NULL
148,2024070000063,135,6,1547.84,"2024-07-20 22:01:54",4,1,NULL,32,1477.84,70.00,203.84,NULL,NULL,NULL
149,2024070000064,135,5,1591.92,"2024-07-20 22:02:39",4,1,NULL,32,1521.92,70.00,209.92,NULL,NULL,NULL
150,2024070000065,136,6,1655.72,"2024-07-20 22:47:34",4,1,NULL,33,1585.72,70.00,218.72,NULL,NULL,NULL
151,2024070000066,136,6,1655.72,"2024-07-20 22:47:37",4,1,NULL,33,1585.72,70.00,218.72,NULL,NULL,NULL
152,2024070000067,136,8,2674.20,"2024-07-20 22:48:20",4,1,NULL,33,2604.20,70.00,359.20,NULL,NULL,NULL
153,2024070000068,137,6,3089.48,"2024-07-20 22:49:41",4,1,NULL,34,3019.48,70.00,416.48,NULL,NULL,NULL
154,2024070000069,137,6,1399.36,"2024-07-20 22:50:23",4,1,NULL,34,1329.36,70.00,183.36,NULL,NULL,NULL
155,2024070000070,137,6,1369.20,"2024-07-20 22:51:10",4,1,NULL,34,1299.20,70.00,179.20,NULL,NULL,NULL
156,2024070000071,139,6,2577.92,"2024-07-20 22:57:49",4,1,NULL,35,2507.92,70.00,345.92,NULL,NULL,NULL
157,2024070000072,139,7,2753.08,"2024-07-20 22:58:38",4,1,NULL,35,2683.08,70.00,370.08,NULL,NULL,NULL
158,2024070000073,139,5,1642.96,"2024-07-20 22:59:21",4,1,NULL,35,1572.96,70.00,216.96,NULL,NULL,NULL
159,2024070000074,204,5,1818.12,"2024-07-21 02:01:16",5,1,NULL,94,1748.12,70.00,241.12,NULL,prueba,NULL
160,2024070000075,140,6,1620.92,"2024-07-21 06:31:59",4,1,NULL,36,1550.92,70.00,213.92,NULL,NULL,NULL
161,2024070000076,140,4,1236.56,"2024-07-21 06:33:32",4,1,NULL,NULL,1236.56,0.00,170.56,NULL,NULL,NULL
162,2024070000077,140,4,789.96,"2024-07-21 06:34:55",4,1,NULL,NULL,789.96,0.00,108.96,NULL,NULL,NULL
163,2024070000078,106,11,3319.92,"2024-07-21 19:03:58",5,1,NULL,NULL,3319.92,0.00,457.92,NULL,NULL,NULL
164,20240701,204,15,3631.20,"2024-07-22 11:49:30",1,3,NULL,94,3561.20,70.00,491.20,NULL,NULL,NULL
165,20240703,204,1,416.84,"2024-07-22 11:55:55",1,3,NULL,94,346.84,70.00,47.84,NULL,NULL,NULL
166,20240705,204,1,254.44,"2024-07-22 20:21:07",1,3,NULL,94,184.44,70.00,25.44,NULL,NULL,NULL
167,202407001,1,1,394.80,"2024-07-22 22:02:15",5,4,NULL,4,324.80,70.00,44.80,NULL,NULL,NULL
168,20240709,1,1,394.80,"2024-07-22 22:04:04",1,3,NULL,4,324.80,70.00,44.80,NULL,NULL,NULL
169,202407112,1,1,394.80,"2024-07-22 22:04:04",1,3,NULL,4,324.80,70.00,44.80,NULL,NULL,NULL
170,202407026,1,1,394.80,"2024-07-22 22:04:04",1,3,NULL,4,324.80,70.00,44.80,NULL,NULL,NULL
171,202407022,1,1,234.44,"2024-07-22 22:18:58",3,4,NULL,4,184.44,50.00,25.44,NULL,NULL,NULL
172,202407011,205,3,830.56,"2024-07-22 22:19:27",2,1,NULL,NULL,830.56,0.00,114.56,NULL,NULL,NULL
173,202407001,3,1,374.80,"2024-07-23 18:12:12",4,4,NULL,96,324.80,50.00,44.80,NULL,NULL,NULL
174,202407002,3,1,427.00,"2024-07-23 18:17:30",4,4,NULL,96,377.00,50.00,52.00,NULL,NULL,NULL
175,202407001,196,2,534.88,"2024-07-23 18:59:43",1,4,NULL,88,484.88,50.00,66.88,NULL,NULL,NULL
176,202407003,196,4,1286.56,"2024-07-23 19:11:08",1,4,NULL,88,1236.56,50.00,170.56,NULL,NULL,NULL
177,202407004,196,1,340.00,"2024-07-23 19:14:40",1,4,NULL,88,290.00,50.00,40.00,NULL,NULL,NULL
178,2024070000001,205,3,1113.72,"2024-07-23 19:33:27",1,3,NULL,95,1063.72,50.00,146.72,NULL,NULL,NULL
179,202407005,196,1,373.64,"2024-07-23 19:34:10",1,4,NULL,88,323.64,50.00,44.64,NULL,NULL,NULL
180,202407006,196,1,421.20,"2024-07-23 20:17:03",1,4,NULL,88,371.20,50.00,51.20,NULL,NULL,NULL
181,2024070000001,205,3,889.84,"2024-07-24 04:46:27",1,3,NULL,95,839.84,50.00,115.84,NULL,NULL,NULL
182,202407007,141,4,981.48,"2024-07-24 04:48:43",4,1,NULL,37,931.48,50.00,128.48,NULL,NULL,NULL
183,2024070000002,141,4,1737.80,"2024-07-24 04:49:28",1,3,NULL,37,1687.80,50.00,232.80,NULL,NULL,NULL
184,2024070000003,141,6,2010.40,"2024-07-24 04:51:15",1,3,NULL,37,1960.40,50.00,270.40,NULL,NULL,NULL
185,202407008,142,5,1276.00,"2024-07-24 04:53:01",4,1,NULL,NULL,1276.00,0.00,176.00,NULL,NULL,NULL
186,2024070000004,142,6,1656.60,"2024-07-24 04:53:41",1,3,NULL,38,1606.60,50.00,221.60,NULL,NULL,NULL
187,2024070000005,142,5,1602.08,"2024-07-24 04:54:51",1,3,NULL,38,1552.08,50.00,214.08,NULL,NULL,NULL
188,202407009,143,4,1175.08,"2024-07-24 05:00:17",4,1,NULL,NULL,1175.08,0.00,162.08,NULL,NULL,NULL
189,2024070000006,143,5,1567.28,"2024-07-24 05:01:07",1,3,NULL,39,1517.28,50.00,209.28,NULL,NULL,NULL
190,202407010,143,4,1067.20,"2024-07-24 05:02:15",4,1,NULL,NULL,1067.20,0.00,147.20,NULL,NULL,NULL
191,202407012,144,3,803.88,"2024-07-24 05:03:39",4,1,NULL,NULL,803.88,0.00,110.88,NULL,NULL,NULL
192,202407013,144,5,1070.68,"2024-07-24 05:07:41",4,1,NULL,NULL,1070.68,0.00,147.68,NULL,NULL,NULL
193,2024070000007,144,5,1716.92,"2024-07-24 05:08:42",1,3,NULL,40,1666.92,50.00,229.92,NULL,NULL,NULL
194,2024070000008,145,5,1646.16,"2024-07-24 05:11:38",1,3,NULL,41,1596.16,50.00,220.16,NULL,NULL,NULL
195,202407014,145,5,1448.84,"2024-07-24 05:13:03",4,1,NULL,NULL,1448.84,0.00,199.84,NULL,NULL,NULL
196,202407015,145,4,1550.92,"2024-07-24 05:14:00",4,1,NULL,NULL,1550.92,0.00,213.92,NULL,NULL,NULL
197,202407016,146,4,2173.84,"2024-07-24 05:15:46",4,1,NULL,NULL,2173.84,0.00,299.84,NULL,NULL,NULL
198,202407017,146,3,1078.80,"2024-07-24 05:16:44",4,1,NULL,NULL,1078.80,0.00,148.80,NULL,NULL,NULL
199,2024070000010,146,4,974.52,"2024-07-24 05:17:38",1,3,NULL,42,924.52,50.00,127.52,NULL,NULL,NULL
200,202407018,147,3,828.24,"2024-07-24 05:28:48",4,1,NULL,NULL,828.24,0.00,114.24,NULL,NULL,NULL
201,2024070000011,147,6,1981.40,"2024-07-24 05:35:52",1,3,NULL,43,1931.40,50.00,266.40,NULL,NULL,NULL
202,2024070000012,147,4,3052.08,"2024-07-24 05:37:02",1,3,NULL,43,3002.08,50.00,414.08,NULL,NULL,NULL
203,2024070000014,148,4,1073.12,"2024-07-24 05:39:57",1,3,NULL,44,1023.12,50.00,141.12,NULL,NULL,NULL
204,2024070000015,148,5,1457.08,"2024-07-24 05:41:44",1,3,NULL,44,1407.08,50.00,194.08,NULL,NULL,NULL
205,202407019,148,4,1697.08,"2024-07-24 05:43:05",4,1,NULL,NULL,1697.08,0.00,234.08,NULL,NULL,NULL
206,2024070000016,149,4,1163.60,"2024-07-24 05:47:23",1,3,NULL,45,1113.60,50.00,153.60,NULL,NULL,NULL
207,2024070000017,149,5,2201.80,"2024-07-24 05:54:14",1,3,NULL,45,2151.80,50.00,296.80,NULL,NULL,NULL
208,202407020,149,3,789.96,"2024-07-24 05:55:59",4,1,NULL,NULL,789.96,0.00,108.96,NULL,NULL,NULL
209,2024070000018,150,6,1597.44,"2024-07-24 05:57:33",1,3,NULL,46,1547.44,50.00,213.44,NULL,NULL,NULL
210,2024070000019,150,5,1128.80,"2024-07-24 06:00:36",1,3,NULL,46,1078.80,50.00,148.80,NULL,NULL,NULL
211,202407021,150,5,1310.92,"2024-07-24 06:03:07",4,1,NULL,46,1260.92,50.00,173.92,NULL,NULL,NULL
212,202407023,150,5,1310.92,"2024-07-24 06:03:08",4,1,NULL,46,1260.92,50.00,173.92,NULL,NULL,NULL
213,2024070000020,151,4,973.36,"2024-07-24 06:05:19",1,3,NULL,47,923.36,50.00,127.36,NULL,NULL,NULL
214,202407024,151,7,1994.04,"2024-07-24 06:06:28",4,1,NULL,NULL,1994.04,0.00,275.04,NULL,NULL,NULL
215,202407025,151,4,1075.32,"2024-07-24 06:07:14",4,1,NULL,NULL,1075.32,0.00,148.32,NULL,NULL,NULL
216,2024070000021,204,4,1344.56,"2024-07-24 06:25:49",1,3,NULL,94,1294.56,50.00,178.56,NULL,NULL,NULL
217,2024070000022,203,5,1380.52,"2024-07-24 06:28:11",1,3,NULL,93,1330.52,50.00,183.52,NULL,NULL,NULL
218,2024070000023,203,4,1089.36,"2024-07-24 06:29:35",1,3,NULL,93,1039.36,50.00,143.36,NULL,NULL,NULL
219,202407027,203,9,1614.72,"2024-07-24 06:31:06",4,1,NULL,NULL,1614.72,0.00,222.72,NULL,NULL,NULL
220,202407028,202,4,626.40,"2024-07-24 06:33:07",4,1,NULL,NULL,626.40,0.00,86.40,NULL,NULL,NULL
221,2024070000024,202,6,1758.68,"2024-07-24 06:34:00",1,3,NULL,92,1708.68,50.00,235.68,NULL,NULL,NULL
222,202407029,202,4,1269.04,"2024-07-24 06:35:18",4,1,NULL,NULL,1269.04,0.00,175.04,NULL,NULL,NULL
223,202407030,201,3,3547.28,"2024-07-24 06:45:00",4,1,NULL,NULL,3547.28,0.00,489.28,NULL,NULL,NULL
224,2024070000025,201,4,1430.40,"2024-07-24 06:46:03",1,3,NULL,91,1380.40,50.00,190.40,NULL,NULL,NULL
225,202407031,201,4,902.48,"2024-07-24 06:47:59",4,1,NULL,NULL,902.48,0.00,124.48,NULL,NULL,NULL
226,202407032,200,3,704.12,"2024-07-24 06:50:10",4,1,NULL,NULL,704.12,0.00,97.12,NULL,NULL,NULL
227,2024070000026,200,4,1648.48,"2024-07-24 06:52:15",1,3,NULL,90,1598.48,50.00,220.48,NULL,NULL,NULL
228,202407033,200,3,858.40,"2024-07-24 06:53:39",4,1,NULL,NULL,858.40,0.00,118.40,NULL,NULL,NULL
229,202407034,198,3,632.20,"2024-07-24 06:56:23",4,1,NULL,NULL,632.20,0.00,87.20,NULL,NULL,NULL
230,202407035,198,3,632.20,"2024-07-24 06:58:36",4,1,NULL,NULL,632.20,0.00,87.20,NULL,NULL,NULL
231,202407036,152,5,1859.60,"2024-07-24 23:06:47",4,1,NULL,48,1809.60,50.00,249.60,NULL,NULL,NULL
232,202407037,152,6,2694.80,"2024-07-24 23:07:31",4,1,NULL,48,2644.80,50.00,364.80,NULL,NULL,NULL
233,202407038,152,5,2407.12,"2024-07-24 23:08:12",4,1,NULL,48,2357.12,50.00,325.12,NULL,NULL,NULL
234,202407039,153,5,1674.00,"2024-07-24 23:09:08",4,1,NULL,49,1624.00,50.00,224.00,NULL,NULL,NULL
235,202407040,153,5,1272.64,"2024-07-24 23:09:48",4,1,NULL,49,1222.64,50.00,168.64,NULL,NULL,NULL
236,202407041,153,6,1342.24,"2024-07-24 23:10:32",4,1,NULL,49,1292.24,50.00,178.24,NULL,NULL,NULL
237,202407042,154,6,1816.68,"2024-07-24 23:12:09",4,1,NULL,50,1766.68,50.00,243.68,NULL,NULL,NULL
238,202407043,154,5,1400.24,"2024-07-24 23:12:40",4,1,NULL,50,1350.24,50.00,186.24,NULL,NULL,NULL
239,202407044,154,7,3150.68,"2024-07-24 23:13:34",4,1,NULL,50,3100.68,50.00,427.68,NULL,NULL,NULL
240,202407045,155,6,2462.80,"2024-07-24 23:14:27",4,1,NULL,51,2412.80,50.00,332.80,NULL,NULL,NULL
241,202407046,155,6,1473.32,"2024-07-24 23:15:07",4,1,NULL,51,1423.32,50.00,196.32,NULL,NULL,NULL
242,202407047,155,5,1553.36,"2024-07-24 23:15:49",4,1,NULL,51,1503.36,50.00,207.36,NULL,NULL,NULL
243,202407048,156,5,1274.96,"2024-07-24 23:17:13",4,1,NULL,52,1224.96,50.00,168.96,NULL,NULL,NULL
244,202407049,156,5,1635.72,"2024-07-24 23:17:54",4,1,NULL,52,1585.72,50.00,218.72,NULL,NULL,NULL
245,202407050,156,6,2211.08,"2024-07-24 23:19:57",4,1,NULL,52,2161.08,50.00,298.08,NULL,NULL,NULL
246,202407051,157,5,1380.52,"2024-07-24 23:20:56",4,1,NULL,53,1330.52,50.00,183.52,NULL,NULL,NULL
247,202407052,157,5,1571.92,"2024-07-24 23:21:35",4,1,NULL,53,1521.92,50.00,209.92,NULL,NULL,NULL
248,202407053,157,6,1537.12,"2024-07-24 23:22:19",4,1,NULL,53,1487.12,50.00,205.12,NULL,NULL,NULL
249,202407054,158,5,1197.24,"2024-07-24 23:23:25",4,1,NULL,54,1147.24,50.00,158.24,NULL,NULL,NULL
250,202407055,158,5,1535.96,"2024-07-24 23:24:17",4,1,NULL,54,1485.96,50.00,204.96,NULL,NULL,NULL
251,202407056,158,5,2148.44,"2024-07-24 23:25:06",4,1,NULL,54,2098.44,50.00,289.44,NULL,NULL,NULL
252,202407057,159,5,1138.08,"2024-07-24 23:28:38",4,1,NULL,55,1088.08,50.00,150.08,NULL,NULL,NULL
253,202407058,159,5,1535.96,"2024-07-24 23:29:13",4,1,NULL,55,1485.96,50.00,204.96,NULL,NULL,NULL
254,202407059,159,5,1389.80,"2024-07-24 23:29:51",4,1,NULL,55,1339.80,50.00,184.80,NULL,NULL,NULL
255,202407060,160,5,2169.32,"2024-07-24 23:30:53",4,1,NULL,56,2119.32,50.00,292.32,NULL,NULL,NULL
256,202407061,160,6,1602.08,"2024-07-24 23:31:39",4,1,NULL,56,1552.08,50.00,214.08,NULL,NULL,NULL
257,202407062,160,5,1653.12,"2024-07-24 23:32:15",4,1,NULL,56,1603.12,50.00,221.12,NULL,NULL,NULL
258,202407063,163,5,1092.84,"2024-07-24 23:33:23",4,1,NULL,57,1042.84,50.00,143.84,NULL,NULL,NULL
259,202407064,163,6,1976.76,"2024-07-24 23:34:07",4,1,NULL,57,1926.76,50.00,265.76,NULL,NULL,NULL
260,202407065,163,6,2117.12,"2024-07-24 23:34:41",4,1,NULL,57,2067.12,50.00,285.12,NULL,NULL,NULL
261,202407066,164,5,2126.40,"2024-07-24 23:35:36",4,1,NULL,58,2076.40,50.00,286.40,NULL,NULL,NULL
262,202407067,164,6,2214.56,"2024-07-24 23:36:15",4,1,NULL,58,2164.56,50.00,298.56,NULL,NULL,NULL
263,202407068,164,5,1300.48,"2024-07-24 23:37:04",4,1,NULL,58,1250.48,50.00,172.48,NULL,NULL,NULL
264,202407069,165,5,1261.04,"2024-07-24 23:38:44",4,1,NULL,59,1211.04,50.00,167.04,NULL,NULL,NULL
265,202407070,165,6,2392.04,"2024-07-24 23:39:20",4,1,NULL,59,2342.04,50.00,323.04,NULL,NULL,NULL
266,202407071,165,5,1361.96,"2024-07-24 23:39:55",4,1,NULL,59,1311.96,50.00,180.96,NULL,NULL,NULL
267,202407072,166,5,2380.44,"2024-07-24 23:42:44",4,1,NULL,60,2330.44,50.00,321.44,NULL,NULL,NULL
268,202407073,166,5,2380.44,"2024-07-24 23:42:48",4,1,NULL,60,2330.44,50.00,321.44,NULL,NULL,NULL
269,202407074,166,5,2380.44,"2024-07-24 23:42:52",4,1,NULL,60,2330.44,50.00,321.44,NULL,NULL,NULL
270,202407075,168,5,1503.48,"2024-07-24 23:44:25",4,1,NULL,61,1453.48,50.00,200.48,NULL,NULL,NULL
271,202407076,168,5,1503.48,"2024-07-24 23:44:49",4,1,NULL,61,1453.48,50.00,200.48,NULL,NULL,NULL
272,202407077,168,5,1503.48,"2024-07-24 23:44:55",4,1,NULL,61,1453.48,50.00,200.48,NULL,NULL,NULL
273,202407078,169,6,2076.52,"2024-07-25 01:23:37",4,1,NULL,62,2026.52,50.00,279.52,NULL,NULL,NULL
274,202407079,169,6,2465.12,"2024-07-25 01:24:17",4,1,NULL,62,2415.12,50.00,333.12,NULL,NULL,NULL
275,202407080,169,7,2472.08,"2024-07-25 01:24:57",4,1,NULL,62,2422.08,50.00,334.08,NULL,NULL,NULL
276,202407081,170,5,2724.96,"2024-07-25 01:25:58",4,1,NULL,63,2674.96,50.00,368.96,NULL,NULL,NULL
277,202407082,170,5,1593.96,"2024-07-25 01:26:49",4,1,NULL,63,1543.96,50.00,212.96,NULL,NULL,NULL
278,202407083,170,6,1973.28,"2024-07-25 01:27:29",4,1,NULL,63,1923.28,50.00,265.28,NULL,NULL,NULL
279,202407084,171,5,2062.60,"2024-07-25 01:28:32",4,1,NULL,64,2012.60,50.00,277.60,NULL,NULL,NULL
280,202407085,171,5,2329.40,"2024-07-25 01:29:10",4,1,NULL,64,2279.40,50.00,314.40,NULL,NULL,NULL
281,202407086,171,5,1532.48,"2024-07-25 01:29:43",4,1,NULL,64,1482.48,50.00,204.48,NULL,NULL,NULL
282,202407087,172,5,1740.12,"2024-07-25 01:31:09",4,1,NULL,65,1690.12,50.00,233.12,NULL,NULL,NULL
283,202407088,172,5,1740.12,"2024-07-25 01:31:13",4,1,NULL,65,1690.12,50.00,233.12,NULL,NULL,NULL
284,202407089,172,5,1740.12,"2024-07-25 01:31:16",4,1,NULL,65,1690.12,50.00,233.12,NULL,NULL,NULL
285,202407090,173,5,1430.40,"2024-07-25 01:32:22",4,1,NULL,66,1380.40,50.00,190.40,NULL,NULL,NULL
286,202407091,173,5,1430.40,"2024-07-25 01:32:23",4,1,NULL,66,1380.40,50.00,190.40,NULL,NULL,NULL
287,202407092,173,5,1430.40,"2024-07-25 01:32:25",4,1,NULL,66,1380.40,50.00,190.40,NULL,NULL,NULL
288,202407093,174,5,2148.44,"2024-07-25 01:34:45",4,1,NULL,67,2098.44,50.00,289.44,NULL,NULL,NULL
289,202407094,174,5,1574.24,"2024-07-25 01:35:16",4,1,NULL,67,1524.24,50.00,210.24,NULL,NULL,NULL
290,202407095,174,5,989.60,"2024-07-25 01:35:48",4,1,NULL,67,939.60,50.00,129.60,NULL,NULL,NULL
291,202407096,175,5,1109.08,"2024-07-25 01:36:57",4,1,NULL,68,1059.08,50.00,146.08,NULL,NULL,NULL
292,202407097,175,5,1918.76,"2024-07-25 01:37:32",4,1,NULL,68,1868.76,50.00,257.76,NULL,NULL,NULL
293,202407098,175,5,1442.00,"2024-07-25 01:38:06",4,1,NULL,68,1392.00,50.00,192.00,NULL,NULL,NULL
294,202407099,176,5,1600.92,"2024-07-25 01:39:12",4,1,NULL,69,1550.92,50.00,213.92,NULL,NULL,NULL
295,202407100,176,5,1600.92,"2024-07-25 01:39:15",4,1,NULL,69,1550.92,50.00,213.92,NULL,NULL,NULL
296,202407101,176,5,1600.92,"2024-07-25 01:39:16",4,1,NULL,69,1550.92,50.00,213.92,NULL,NULL,NULL
297,202407102,177,5,3386.16,"2024-07-25 01:40:14",4,1,NULL,70,3336.16,50.00,460.16,NULL,NULL,NULL
298,202407103,177,5,1445.48,"2024-07-25 01:40:50",4,1,NULL,70,1395.48,50.00,192.48,NULL,NULL,NULL
299,202407104,177,5,2409.44,"2024-07-25 01:41:31",4,1,NULL,70,2359.44,50.00,325.44,NULL,NULL,NULL
300,202407105,178,5,2784.12,"2024-07-25 01:42:39",4,1,NULL,71,2734.12,50.00,377.12,NULL,NULL,NULL
301,202407106,178,5,1319.04,"2024-07-25 01:43:23",4,1,NULL,71,1269.04,50.00,175.04,NULL,NULL,NULL
302,202407107,178,5,1279.60,"2024-07-25 01:43:57",4,1,NULL,71,1229.60,50.00,169.60,NULL,NULL,NULL
303,202407108,179,5,2031.28,"2024-07-25 01:46:29",4,1,NULL,72,1981.28,50.00,273.28,NULL,NULL,NULL
304,202407109,179,5,1237.84,"2024-07-25 01:46:58",4,1,NULL,72,1187.84,50.00,163.84,NULL,NULL,NULL
305,202407110,179,6,2691.32,"2024-07-25 02:00:31",4,1,NULL,72,2641.32,50.00,364.32,NULL,NULL,NULL
306,202407111,180,5,1519.72,"2024-07-25 02:10:24",4,1,NULL,73,1469.72,50.00,202.72,NULL,NULL,NULL
307,202407113,180,6,2015.04,"2024-07-25 02:11:02",4,1,NULL,73,1965.04,50.00,271.04,NULL,NULL,NULL
308,202407114,180,5,1926.88,"2024-07-25 02:11:53",4,1,NULL,73,1876.88,50.00,258.88,NULL,NULL,NULL
309,202407115,181,5,1639.20,"2024-07-25 02:12:49",4,1,NULL,74,1589.20,50.00,219.20,NULL,NULL,NULL
310,202407116,181,5,1751.72,"2024-07-25 02:13:38",4,1,NULL,74,1701.72,50.00,234.72,NULL,NULL,NULL
311,202407117,181,6,1713.44,"2024-07-25 02:16:17",4,1,NULL,74,1663.44,50.00,229.44,NULL,NULL,NULL
312,202407118,182,5,1299.32,"2024-07-25 02:17:45",4,1,NULL,75,1249.32,50.00,172.32,NULL,NULL,NULL
313,202407119,182,5,1287.72,"2024-07-25 02:19:25",4,1,NULL,75,1237.72,50.00,170.72,NULL,NULL,NULL
314,202407120,182,5,1287.72,"2024-07-25 02:19:27",4,1,NULL,75,1237.72,50.00,170.72,NULL,NULL,NULL
315,202407121,183,6,2503.40,"2024-07-25 02:20:44",4,1,NULL,76,2453.40,50.00,338.40,NULL,NULL,NULL
316,202407122,183,5,2269.08,"2024-07-25 02:21:30",4,1,NULL,76,2219.08,50.00,306.08,NULL,NULL,NULL
317,202407123,183,5,2641.44,"2024-07-25 02:22:51",4,1,NULL,76,2591.44,50.00,357.44,NULL,NULL,NULL
318,202407124,184,5,2140.32,"2024-07-25 02:24:37",4,1,NULL,77,2090.32,50.00,288.32,NULL,NULL,NULL
319,202407125,184,5,1933.84,"2024-07-25 02:25:11",4,1,NULL,77,1883.84,50.00,259.84,NULL,NULL,NULL
320,202407126,184,5,1019.76,"2024-07-25 02:25:54",4,1,NULL,77,969.76,50.00,133.76,NULL,NULL,NULL
321,202407127,185,5,1288.88,"2024-07-25 02:26:52",4,1,NULL,78,1238.88,50.00,170.88,NULL,NULL,NULL
322,202407128,185,5,1578.88,"2024-07-25 02:27:30",4,1,NULL,78,1528.88,50.00,210.88,NULL,NULL,NULL
323,202407129,185,5,991.92,"2024-07-25 02:28:03",4,1,NULL,78,941.92,50.00,129.92,NULL,NULL,NULL
324,202407130,186,5,1181.00,"2024-07-25 02:29:00",4,1,NULL,79,1131.00,50.00,156.00,NULL,NULL,NULL
325,202407131,186,5,1332.96,"2024-07-25 02:29:39",4,1,NULL,79,1282.96,50.00,176.96,NULL,NULL,NULL
326,202407132,186,5,1147.36,"2024-07-25 02:30:20",4,1,NULL,79,1097.36,50.00,151.36,NULL,NULL,NULL
327,202407133,3,3,722.68,"2024-07-25 02:43:22",4,1,NULL,NULL,722.68,0.00,99.68,NULL,NULL,NULL
328,202407134,3,1,254.04,"2024-07-25 02:44:49",4,1,NULL,NULL,254.04,0.00,35.04,NULL,NULL,NULL
329,202407135,204,15,4111.04,"2024-07-25 03:13:34",4,1,NULL,NULL,4111.04,0.00,567.04,NULL,NULL,NULL
330,202407136,203,4,975.56,"2024-07-25 03:19:10",4,1,NULL,NULL,975.56,0.00,134.56,NULL,NULL,NULL
331,202407137,202,3,712.24,"2024-07-25 03:28:36",4,1,NULL,NULL,712.24,0.00,98.24,NULL,NULL,NULL
332,2024070000033,198,5,1525.52,"2024-07-25 03:29:19",1,3,NULL,89,1475.52,50.00,203.52,NULL,NULL,NULL
333,202407138,201,6,2132.08,"2024-07-25 03:32:40",4,1,NULL,NULL,2132.08,0.00,294.08,NULL,NULL,NULL
334,202407139,200,7,2127.44,"2024-07-25 03:36:50",4,1,NULL,NULL,2127.44,0.00,293.44,NULL,NULL,NULL
335,202407140,199,4,1366.48,"2024-07-25 03:39:43",4,1,NULL,NULL,1366.48,0.00,188.48,NULL,NULL,NULL
336,202407141,199,3,731.96,"2024-07-25 03:41:12",4,1,NULL,NULL,731.96,0.00,100.96,NULL,NULL,NULL
337,202407142,198,6,3106.48,"2024-07-25 03:43:49",4,1,NULL,NULL,3106.48,0.00,428.48,NULL,NULL,NULL
338,202407143,197,5,1415.20,"2024-07-25 03:46:55",4,1,NULL,NULL,1415.20,0.00,195.20,NULL,NULL,NULL
339,202407144,196,7,2362.92,"2024-07-25 03:53:38",4,1,NULL,NULL,2362.92,0.00,325.92,NULL,NULL,NULL
340,202407145,195,6,2034.64,"2024-07-25 03:56:23",4,1,NULL,NULL,2034.64,0.00,280.64,NULL,NULL,NULL
341,202407146,195,6,1630.96,"2024-07-25 03:57:57",4,1,NULL,NULL,1630.96,0.00,224.96,NULL,NULL,NULL
342,202407147,194,4,939.60,"2024-07-25 04:02:57",4,1,NULL,NULL,939.60,0.00,129.60,NULL,NULL,NULL
343,202407148,194,4,2362.92,"2024-07-25 04:04:32",4,1,NULL,NULL,2362.92,0.00,325.92,NULL,NULL,NULL
344,202407149,193,4,1473.20,"2024-07-25 04:16:18",4,1,NULL,NULL,1473.20,0.00,203.20,NULL,NULL,NULL
345,202407150,193,4,880.44,"2024-07-25 04:18:35",4,1,NULL,NULL,880.44,0.00,121.44,NULL,NULL,NULL
346,202407151,192,6,1697.08,"2024-07-25 04:23:47",4,1,NULL,NULL,1697.08,0.00,234.08,NULL,NULL,NULL
347,202407152,192,5,1642.56,"2024-07-25 04:26:16",4,1,NULL,NULL,1642.56,0.00,226.56,NULL,NULL,NULL
348,202407153,192,5,1642.56,"2024-07-25 04:26:18",4,1,NULL,NULL,1642.56,0.00,226.56,NULL,NULL,NULL
349,202407154,191,7,1774.80,"2024-07-25 04:33:18",4,1,NULL,NULL,1774.80,0.00,244.80,NULL,NULL,NULL
350,202407155,187,4,904.80,"2024-07-25 04:36:08",4,1,NULL,NULL,904.80,0.00,124.80,NULL,NULL,NULL
351,202407156,190,10,2976.56,"2024-07-25 04:38:11",4,1,NULL,NULL,2976.56,0.00,410.56,NULL,NULL,NULL
352,2024070000034,187,4,1337.60,"2024-07-25 04:37:38",1,3,NULL,80,1287.60,50.00,177.60,NULL,NULL,NULL
353,202407157,187,5,1256.28,"2024-07-25 04:42:30",4,1,NULL,NULL,1256.28,0.00,173.28,NULL,NULL,NULL
354,202407158,189,6,1958.08,"2024-07-25 04:43:01",4,1,NULL,NULL,1958.08,0.00,270.08,NULL,NULL,NULL
355,202407159,187,3,1006.88,"2024-07-25 04:43:18",4,1,NULL,NULL,1006.88,0.00,138.88,NULL,NULL,NULL
356,202407160,188,3,2242.28,"2024-07-25 04:44:27",4,1,NULL,NULL,2242.28,0.00,309.28,NULL,NULL,NULL
357,202407161,188,4,1061.40,"2024-07-25 04:46:19",4,1,NULL,NULL,1061.40,0.00,146.40,NULL,NULL,NULL
358,202407162,188,3,2074.08,"2024-07-25 04:46:58",4,1,NULL,NULL,2074.08,0.00,286.08,NULL,NULL,NULL
359,202407163,188,8,2933.64,"2024-07-25 04:48:18",4,1,NULL,NULL,2933.64,0.00,404.64,NULL,NULL,NULL
360,202407164,189,4,1371.12,"2024-07-25 04:49:24",4,1,NULL,NULL,1371.12,0.00,189.12,NULL,NULL,NULL
361,202407165,189,3,1061.40,"2024-07-25 04:50:40",4,1,NULL,NULL,1061.40,0.00,146.40,NULL,NULL,NULL
362,202407166,190,3,1228.44,"2024-07-25 04:52:11",4,1,NULL,NULL,1228.44,0.00,169.44,NULL,NULL,NULL
363,202407167,190,3,957.00,"2024-07-25 04:52:52",4,1,NULL,NULL,957.00,0.00,132.00,NULL,NULL,NULL
364,202407168,190,3,957.00,"2024-07-25 04:52:53",4,1,NULL,NULL,957.00,0.00,132.00,NULL,NULL,NULL
365,202407169,191,4,1351.40,"2024-07-25 04:54:02",4,1,NULL,NULL,1351.40,0.00,186.40,NULL,NULL,NULL
366,202407170,188,6,1965.04,"2024-07-25 04:54:44",4,1,NULL,NULL,1965.04,0.00,271.04,NULL,NULL,NULL
367,202407171,191,2,2226.04,"2024-07-25 04:54:55",4,1,NULL,NULL,2226.04,0.00,307.04,NULL,NULL,NULL
368,202407172,187,6,998.76,"2024-07-25 04:57:59",4,1,NULL,NULL,998.76,0.00,137.76,NULL,NULL,NULL
369,202407173,192,4,882.76,"2024-07-25 05:00:35",4,1,NULL,NULL,882.76,0.00,121.76,NULL,NULL,NULL
370,202407174,186,3,1257.44,"2024-07-25 05:02:26",4,1,NULL,NULL,1257.44,0.00,173.44,NULL,NULL,NULL
371,202407175,193,3,530.12,"2024-07-25 05:02:43",4,1,NULL,NULL,530.12,0.00,73.12,NULL,NULL,NULL
372,202407176,194,7,2410.48,"2024-07-25 05:06:27",4,1,NULL,NULL,2410.48,0.00,332.48,NULL,NULL,NULL
373,2024070000039,196,5,1386.32,"2024-07-25 05:08:43",1,3,NULL,88,1336.32,50.00,184.32,NULL,NULL,NULL
374,202407177,185,6,1675.04,"2024-07-25 05:13:05",4,1,NULL,NULL,1675.04,0.00,231.04,NULL,NULL,NULL
375,202407178,184,4,983.68,"2024-07-25 05:17:55",4,1,NULL,NULL,983.68,0.00,135.68,NULL,NULL,NULL
376,202407179,183,9,4868.52,"2024-07-25 05:29:43",4,1,NULL,NULL,4868.52,0.00,671.52,NULL,NULL,NULL
377,202407180,182,5,2132.08,"2024-07-25 05:37:15",4,1,NULL,NULL,2132.08,0.00,294.08,NULL,NULL,NULL
378,202407181,196,3,1763.20,"2024-07-25 05:40:55",4,1,NULL,NULL,1763.20,0.00,243.20,NULL,NULL,NULL
379,202407182,181,4,1343.28,"2024-07-25 05:41:55",4,1,NULL,NULL,1343.28,0.00,185.28,NULL,NULL,NULL
380,2024070000040,196,4,2191.36,"2024-07-25 05:41:52",1,3,NULL,88,2141.36,50.00,295.36,NULL,NULL,NULL
381,202407183,196,4,892.04,"2024-07-25 05:42:45",4,1,NULL,NULL,892.04,0.00,123.04,NULL,NULL,NULL
382,202407184,196,3,1330.52,"2024-07-25 05:43:19",4,1,NULL,NULL,1330.52,0.00,183.52,NULL,NULL,NULL
383,202407185,196,4,885.08,"2024-07-25 05:44:09",4,1,NULL,NULL,885.08,0.00,122.08,NULL,NULL,NULL
384,2024070000041,196,3,1657.64,"2024-07-25 05:44:49",1,3,NULL,NULL,1657.64,0.00,228.64,NULL,NULL,NULL
385,2024070000042,110,6,3061.36,"2024-07-25 05:46:29",1,3,NULL,11,3011.36,50.00,415.36,NULL,NULL,NULL
386,202407186,180,5,1562.52,"2024-07-25 05:47:56",4,1,NULL,NULL,1562.52,0.00,215.52,NULL,NULL,NULL
387,202407187,110,3,699.48,"2024-07-25 05:50:52",4,1,NULL,NULL,699.48,0.00,96.48,NULL,NULL,NULL
388,202407188,179,4,986.00,"2024-07-25 05:52:09",4,1,NULL,NULL,986.00,0.00,136.00,NULL,NULL,NULL
389,202407189,179,4,986.00,"2024-07-25 05:52:12",4,1,NULL,NULL,986.00,0.00,136.00,NULL,NULL,NULL
390,2024070000043,120,4,1259.88,"2024-07-25 05:52:17",1,3,NULL,18,1209.88,50.00,166.88,NULL,NULL,NULL
391,202407190,120,4,1546.28,"2024-07-25 05:53:50",4,1,NULL,NULL,1546.28,0.00,213.28,NULL,NULL,NULL
392,202407191,136,4,1460.44,"2024-07-25 05:56:50",4,1,NULL,NULL,1460.44,0.00,201.44,NULL,NULL,NULL
393,202407192,136,4,1682.00,"2024-07-25 05:57:44",4,1,NULL,NULL,1682.00,0.00,232.00,NULL,NULL,NULL
394,202407193,136,3,689.04,"2024-07-25 05:58:15",4,1,NULL,NULL,689.04,0.00,95.04,NULL,NULL,NULL
395,202407194,136,5,1924.44,"2024-07-25 05:59:34",4,1,NULL,NULL,1924.44,0.00,265.44,NULL,NULL,NULL
396,202407195,136,3,810.84,"2024-07-25 06:00:13",4,1,NULL,NULL,810.84,0.00,111.84,NULL,NULL,NULL
397,202407196,136,4,1404.76,"2024-07-25 06:00:48",4,1,NULL,NULL,1404.76,0.00,193.76,NULL,NULL,NULL
398,202407197,136,4,1759.72,"2024-07-25 06:01:54",4,1,NULL,NULL,1759.72,0.00,242.72,NULL,NULL,NULL
399,202407198,160,5,1937.20,"2024-07-25 06:03:28",4,1,NULL,NULL,1937.20,0.00,267.20,NULL,NULL,NULL
400,202407199,160,3,682.08,"2024-07-25 06:05:53",4,1,NULL,NULL,682.08,0.00,94.08,NULL,NULL,NULL
401,202407200,178,6,1502.20,"2024-07-25 06:09:26",4,1,NULL,NULL,1502.20,0.00,207.20,NULL,NULL,NULL
402,202407201,160,4,784.16,"2024-07-25 06:10:15",4,1,NULL,NULL,784.16,0.00,108.16,NULL,NULL,NULL
403,202407202,127,1,416.44,"2024-07-25 06:19:32",4,1,NULL,NULL,416.44,0.00,57.44,NULL,NULL,NULL
404,202407203,116,3,1418.80,"2024-07-25 06:20:12",4,1,NULL,15,1368.80,50.00,188.80,NULL,NULL,NULL
405,202407204,116,4,1497.56,"2024-07-25 06:21:24",4,1,NULL,NULL,1497.56,0.00,206.56,NULL,NULL,NULL
406,202407205,128,1,404.84,"2024-07-25 06:21:31",4,1,NULL,NULL,404.84,0.00,55.84,NULL,NULL,NULL
407,202407206,116,3,2322.44,"2024-07-25 06:23:10",4,1,NULL,15,2272.44,50.00,313.44,NULL,NULL,NULL
408,202407207,108,1,1031.24,"2024-07-25 06:23:14",4,1,NULL,NULL,1031.24,0.00,142.24,NULL,NULL,NULL
409,202407208,116,3,1003.40,"2024-07-25 06:23:57",4,1,NULL,NULL,1003.40,0.00,138.40,NULL,NULL,NULL
410,202407209,116,3,762.12,"2024-07-25 06:24:42",4,1,NULL,NULL,762.12,0.00,105.12,NULL,NULL,NULL
411,202407210,109,5,3590.20,"2024-07-25 06:25:10",4,1,NULL,NULL,3590.20,0.00,495.20,NULL,NULL,NULL
412,202407211,116,3,1084.60,"2024-07-25 06:26:28",4,1,NULL,NULL,1084.60,0.00,149.60,NULL,NULL,NULL
413,202407212,116,3,1084.60,"2024-07-25 06:26:28",4,1,NULL,NULL,1084.60,0.00,149.60,NULL,NULL,NULL
414,202407213,132,3,667.00,"2024-07-25 06:35:29",4,1,NULL,NULL,667.00,0.00,92.00,NULL,NULL,NULL
415,2024070000049,132,4,1285.40,"2024-07-25 06:36:15",1,3,NULL,29,1235.40,50.00,170.40,NULL,NULL,NULL
416,202407214,132,4,944.24,"2024-07-25 06:37:30",4,1,NULL,NULL,944.24,0.00,130.24,NULL,NULL,NULL
417,202407215,132,2,1412.88,"2024-07-25 06:38:33",4,1,NULL,NULL,1412.88,0.00,194.88,NULL,NULL,NULL
418,202407216,113,3,1564.84,"2024-07-25 06:40:26",4,1,NULL,NULL,1564.84,0.00,215.84,NULL,NULL,NULL
419,202407217,113,4,1049.80,"2024-07-25 06:42:09",4,1,NULL,NULL,1049.80,0.00,144.80,NULL,NULL,NULL
420,202407218,113,4,921.04,"2024-07-25 06:42:52",4,1,NULL,NULL,921.04,0.00,127.04,NULL,NULL,NULL
421,202407219,113,3,838.68,"2024-07-25 06:50:46",4,1,NULL,NULL,838.68,0.00,115.68,NULL,NULL,NULL
422,202407220,113,2,803.88,"2024-07-25 06:51:17",4,1,NULL,NULL,803.88,0.00,110.88,NULL,NULL,NULL
423,202407221,168,10,3303.68,"2024-07-25 06:52:39",4,1,NULL,NULL,3303.68,0.00,455.68,NULL,NULL,NULL
424,202407222,113,4,1313.24,"2024-07-25 06:56:34",4,1,NULL,12,1263.24,50.00,174.24,NULL,NULL,NULL
425,202407223,114,2,2552.00,"2024-07-25 06:58:53",4,1,NULL,NULL,2552.00,0.00,352.00,NULL,NULL,NULL
426,202407224,114,3,995.40,"2024-07-25 07:00:16",4,1,NULL,13,945.40,50.00,130.40,NULL,NULL,NULL
427,202407225,114,3,1366.48,"2024-07-25 07:03:34",4,1,NULL,NULL,1366.48,0.00,188.48,NULL,NULL,NULL
428,202407226,159,15,3354.72,"2024-07-25 07:03:59",4,1,NULL,NULL,3354.72,0.00,462.72,NULL,NULL,NULL
429,202407227,114,4,2448.76,"2024-07-25 07:04:49",4,1,NULL,NULL,2448.76,0.00,337.76,NULL,NULL,NULL
430,202407228,152,12,3534.52,"2024-07-25 07:05:32",4,1,NULL,NULL,3534.52,0.00,487.52,NULL,NULL,NULL
431,202407229,114,4,1543.96,"2024-07-25 07:05:56",4,1,NULL,NULL,1543.96,0.00,212.96,NULL,NULL,NULL
432,202407230,152,13,2456.88,"2024-07-25 07:07:33",4,1,NULL,NULL,2456.88,0.00,338.88,NULL,NULL,NULL
433,202407231,153,10,2650.60,"2024-07-25 07:08:37",4,1,NULL,NULL,2650.60,0.00,365.60,NULL,NULL,NULL
434,202407232,115,4,1071.84,"2024-07-25 07:10:11",4,1,NULL,NULL,1071.84,0.00,147.84,NULL,NULL,NULL
435,202407233,196,11,2292.16,"2024-07-25 07:10:24",4,1,NULL,NULL,2292.16,0.00,316.16,NULL,NULL,NULL
436,202407234,115,3,1279.48,"2024-07-25 07:11:20",4,1,NULL,NULL,1279.48,0.00,176.48,NULL,NULL,NULL
437,202407235,198,7,1685.48,"2024-07-25 07:11:50",4,1,NULL,NULL,1685.48,0.00,232.48,NULL,NULL,NULL
438,202407236,116,3,1571.80,"2024-07-25 07:13:23",4,1,NULL,NULL,1571.80,0.00,216.80,NULL,NULL,NULL
439,202407237,116,4,1956.92,"2024-07-25 07:14:32",4,1,NULL,NULL,1956.92,0.00,269.92,NULL,NULL,NULL
440,202407238,203,6,1721.44,"2024-07-25 07:15:02",4,1,NULL,NULL,1721.44,0.00,237.44,NULL,NULL,NULL
441,202407239,116,4,3880.20,"2024-07-25 07:15:33",4,1,NULL,NULL,3880.20,0.00,535.20,NULL,NULL,NULL
442,202407240,116,3,1328.20,"2024-07-25 07:16:28",4,1,NULL,NULL,1328.20,0.00,183.20,NULL,NULL,NULL
443,202407241,118,4,966.28,"2024-07-25 07:18:17",4,1,NULL,NULL,966.28,0.00,133.28,NULL,NULL,NULL
444,202407242,118,3,2834.00,"2024-07-25 07:23:16",4,1,NULL,16,2784.00,50.00,384.00,NULL,NULL,NULL
445,202407243,118,3,1574.12,"2024-07-25 07:25:26",4,1,NULL,NULL,1574.12,0.00,217.12,NULL,NULL,NULL
446,202407245,118,3,1574.12,"2024-07-25 07:25:27",4,1,NULL,NULL,1574.12,0.00,217.12,NULL,NULL,NULL
447,202407244,118,3,1574.12,"2024-07-25 07:25:27",4,1,NULL,NULL,1574.12,0.00,217.12,NULL,NULL,NULL
448,202407246,118,3,1574.12,"2024-07-25 07:25:27",4,1,NULL,NULL,1574.12,0.00,217.12,NULL,NULL,NULL
449,202407247,118,3,1574.12,"2024-07-25 07:25:30",4,1,NULL,NULL,1574.12,0.00,217.12,NULL,NULL,NULL
450,202407248,176,12,4308.24,"2024-07-25 08:57:16",4,1,NULL,NULL,4308.24,0.00,594.24,NULL,NULL,NULL
451,202407249,176,12,4308.24,"2024-07-25 08:57:19",4,1,NULL,NULL,4308.24,0.00,594.24,NULL,NULL,NULL
452,202407250,175,10,2246.92,"2024-07-25 09:18:34",4,1,NULL,NULL,2246.92,0.00,309.92,NULL,NULL,NULL
453,202407251,174,15,5620.20,"2024-07-25 09:23:29",4,1,NULL,NULL,5620.20,0.00,775.20,NULL,NULL,NULL
454,202407252,173,10,3448.68,"2024-07-25 09:30:46",4,1,NULL,NULL,3448.68,0.00,475.68,NULL,NULL,NULL
455,202407253,172,19,9019.00,"2024-07-25 09:41:27",4,1,NULL,NULL,9019.00,0.00,1244.00,NULL,NULL,NULL
456,202407254,171,12,3331.52,"2024-07-25 09:49:51",4,1,NULL,NULL,3331.52,0.00,459.52,NULL,NULL,NULL
457,202407255,170,10,3265.40,"2024-07-25 09:56:52",4,1,NULL,NULL,3265.40,0.00,450.40,NULL,NULL,NULL
458,202407256,169,15,3686.48,"2024-07-25 10:02:19",4,1,NULL,NULL,3686.48,0.00,508.48,NULL,NULL,NULL
459,202407257,168,19,7566.68,"2024-07-25 10:09:27",4,1,NULL,NULL,7566.68,0.00,1043.68,NULL,NULL,NULL
460,202407258,167,10,3635.44,"2024-07-25 10:13:20",4,1,NULL,NULL,3635.44,0.00,501.44,NULL,NULL,NULL
461,202407259,166,17,3998.52,"2024-07-25 10:18:18",4,1,NULL,NULL,3998.52,0.00,551.52,NULL,NULL,NULL
462,202407260,165,15,5716.48,"2024-07-25 10:24:49",4,1,NULL,NULL,5716.48,0.00,788.48,NULL,NULL,NULL
463,202407261,164,12,5327.88,"2024-07-25 10:31:41",4,1,NULL,NULL,5327.88,0.00,734.88,NULL,NULL,NULL
464,202407262,163,4,1242.36,"2024-07-25 10:36:40",4,1,NULL,NULL,1242.36,0.00,171.36,NULL,NULL,NULL
465,202407263,162,3,546.36,"2024-07-25 10:42:25",4,1,NULL,NULL,546.36,0.00,75.36,NULL,NULL,NULL
466,202407264,161,5,2594.92,"2024-07-25 10:59:32",4,1,NULL,NULL,2594.92,0.00,357.92,NULL,NULL,NULL
